parent_cod,code,name,area
UGA,UGA.39_1,Mbarara,10034140810.20
UGA,UGA.7_1,Busia,739349116.42
GNB,GNB.5_1,Cacheu,4790665555.22
SYC,SYC.10_1,Belombre,7949528.00
LBY,LBY.15_1,Misratah,28233608859.24
TZA,TZA.25_1,Singida,48554340907.48
COD,COD.7_1,Kasaï-Central,57080529363.85
ETH,ETH.5_1,Dire Dawa,1054429694.59
SOM,SOM.9_1,Jubbada Dhexe,18804978931.72
DZA,DZA.46_1,Tissemsilt,3206364087.75
NGA,NGA.9_1,Cross River,21298163441.25
EGY,EGY.12_1,Al Qalyubiyah,1149048897.51
CPV,CPV.17_1,São Lourenço dos Órgãos,35143612.72
TUN,TUN.3_1,Ben Arous (Tunis Sud),696808902.37
SDN,SDN.3_1,Blue Nile,37026351441.75
BFA,BFA.9_1,Haut-Bassins,25618426726.35
KEN,KEN.41_1,Tharaka-Nithi,2570216437.11
NER,NER.3_1,Dosso,31459802935.58
NGA,NGA.35_1,Taraba,60302073577.58
CAF,CAF.1_1,Bamingui-Bangoran,58476401439.69
TUN,TUN.21_1,Tataouine,39532242562.23
TZA,TZA.8_1,Kigoma,44361045587.20
LBR,LBR.8_1,Lofa,10255851327.74
DZA,DZA.4_1,Alger,774893651.13
LSO,LSO.10_1,Thaba-Tseka,4833398182.16
MAR,MAR.15_1,Taza - Al Hoceima - Taounate,21618416681.43
CPV,CPV.5_1,Paúl,47879961.93
UGA,UGA.25_1,Kiboga,4039407308.39
MOZ,MOZ.7_1,Nampula,78197745193.38
NGA,NGA.2_1,Adamawa,34285012225.89
DZA,DZA.30_1,Mostaganem,2209901328.56
KEN,KEN.13_1,Kiambu,2569985598.61
TCD,TCD.23_1,Wadi Fira,54121316399.91
KEN,KEN.28_1,Mombasa,267979485.47
CIV,CIV.12_1,Woroba,31512944764.52
BWA,BWA.5_1,Ghanzi,114406071916.08
SYC,SYC.2_1,Anse Boileau,12927385.98
AGO,AGO.13_1,Lunda Sul,77913927154.91
GMB,GMB.1_1,Banjul,74117742.71
COG,COG.3_1,Cuvette-Ouest,24602292348.28
NGA,NGA.26_1,Nassarawa,26325187475.95
LSO,LSO.8_1,Qacha's Nek,2122474705.02
GIN,GIN.3_1,Faranah,35751605306.32
KEN,KEN.4_1,Busia,1800030332.46
MUS,MUS.4_1,Grand Port,258678055.20
SEN,SEN.4_1,Kaffrine,11325016934.45
BDI,BDI.2_1,Bujumbura Mairie,200848355.85
COD,COD.18_1,Mongala,56181750426.52
LBY,LBY.4_1,Al Jifarah,1713928396.09
MYT,MYT.5_1,Chiconi,7423499.91
MAR,MAR.7_1,Laâyoune - Boujdour - Sakia El Hamra,5738018659.06
GNQ,GNQ.6_1,Litoral,7203728885.17
BWA,BWA.12_1,North-West,111335271418.00
DJI,DJI.4_1,Obock,4429920671.79
UGA,UGA.8_1,Gulu,11850579165.41
SYC,SYC.11_1,Cascade,11253973.28
LBY,LBY.16_1,Murzuq,267410570312.41
TZA,TZA.26_1,Tabora,75480667336.50
COD,COD.8_1,Kasaï-Oriental,10198532360.83
BFA,BFA.3_1,Centre-Est,14695623698.79
KEN,KEN.12_1,Kericho,2580646454.43
KEN,KEN.6_1,Embu,2835162230.18
MWI,MWI.20_1,Nkhotakota,7857775260.72
EGY,EGY.13_1,Al Uqsur,616772893.52
CPV,CPV.18_1,São Miguel,79626894.72
CAF,CAF.12_1,Ombella-M'Poko,31790361449.81
DZA,DZA.16_1,Djelfa,32354966675.09
BWA,BWA.7_1,Kgalagadi,105133399757.42
TUN,TUN.4_1,Bizerte,3389049129.34
LBR,LBR.2_1,Bong,8382874831.14
SDN,SDN.4_1,Central Darfur,37116229899.98
SSD,SSD.1_1,Central Equatoria,43677204269.21
NGA,NGA.12_1,Edo,19597562610.49
NER,NER.4_1,Maradi,39322936070.75
TZA,TZA.10_1,Lindi,65086766087.78
TCD,TCD.8_1,Hadjer-Lamis,30440270300.26
MWI,MWI.4_1,Chiradzulu,758948851.56
NGA,NGA.36_1,Yobe,45568074480.07
TUN,TUN.22_1,Tozeur,6139634197.45
TZA,TZA.9_1,Kilimanjaro,13210782944.38
LBR,LBR.9_1,Margibi,2806270818.90
DZA,DZA.5_1,Annaba,1408498837.53
NAM,NAM.8_1,Omaheke,84741636903.88
CPV,CPV.6_1,Porto Novo,578544692.40
UGA,UGA.26_1,Kisoro,716855640.81
MOZ,MOZ.8_1,Nassa,129253056146.22
MUS,MUS.12_1,Savanne,246598047.24
NGA,NGA.3_1,Akwa Ibom,6709867545.59
UGA,UGA.31_1,Lake Albert,3192021680.66
MLI,MLI.1_1,Bamako,244520106.27
CMR,CMR.8_1,Ouest,13889354203.62
KEN,KEN.14_1,Kilifi,12660234134.09
EGY,EGY.15_1,As Suways,9404741065.49
DJI,DJI.3_1,Djibouti,773891851.51
KEN,KEN.29_1,Murang'a,2523438438.67
CPV,CPV.11_1,Sal,223176438.53
CIV,CIV.13_1,Yamoussoukro,2056869020.09
BWA,BWA.6_1,Jwaneng,14728088.13
SYC,SYC.3_1,Anse Étoile,8486758.11
AGO,AGO.14_1,Malanje,82171304104.77
BWA,BWA.9_1,Kweneng,36937993308.70
GMB,GMB.2_1,Lower River,1493084293.66
NGA,NGA.14_1,Enugu,7701962528.57
NGA,NGA.20_1,Kano,20084292914.14
COG,COG.4_1,Cuvette,44858568908.56
ERI,ERI.1_1,Anseba,1218369459.00
LSO,LSO.9_1,Quthing,2962732891.76
GIN,GIN.4_1,Kankan,71755652220.38
KEN,KEN.5_1,Elgeyo-Marakwet,2810876296.91
GHA,GHA.9_1,Volta,20523250064.01
MUS,MUS.5_1,Moka,236760988.67
SEN,SEN.5_1,Kaolack,5405895019.95
BDI,BDI.3_1,Bujumbura Rural,1558970337.07
COD,COD.19_1,Nord-Kivu,58710787458.47
LBY,LBY.5_1,Al Jufrah,111237822068.70
MYT,MYT.6_1,Chirongui,28700960.39
MAR,MAR.1_1,Chaouia - Ouardigha,16545686975.80
BWA,BWA.15_1,Southern,27331124784.82
ETH,ETH.11_1,Tigray,52553746508.10
SEN,SEN.11_1,Sédhiou,7352115908.66
GNQ,GNQ.7_1,Wele-Nzas,5904846215.87
BWA,BWA.13_1,Selibe Phikwe,45332765.26
DJI,DJI.5_1,Tadjourah,6624323405.87
UGA,UGA.2_1,Apac,6524479435.83
NAM,NAM.7_1,Ohangwena,10649494034.07
MRT,MRT.2_1,Assaba,35891195607.74
LBY,LBY.17_1,Nalut,67616034312.88
TZA,TZA.27_1,Tanga,28031381287.93
MRT,MRT.5_1,Gorgol,13791157214.88
BFA,BFA.4_1,Centre-Nord,19672037196.08
MRT,MRT.10_1,Nouakchott,1496475000.20
KEN,KEN.7_1,Garissa,43850999455.59
MWI,MWI.21_1,Nsanje,1926848898.77
EGY,EGY.14_1,Al Wadi al Jadid,426449316455.86
CAF,CAF.13_1,Ouaka,49208481680.79
KEN,KEN.39_1,Taita Taveta,17175942646.06
UGA,UGA.10_1,Iganga,2478895877.04
KEN,KEN.30_1,Nairobi,711501223.63
BWA,BWA.8_1,Kgatleng,7786888898.27
DZA,DZA.17_1,El Bayadh,71674277763.66
LBR,LBR.3_1,Gbapolu,9245518361.40
SDN,SDN.5_1,East Darfur,55128860679.46
NGA,NGA.13_1,Ekiti,5233222612.20
SSD,SSD.2_1,Eastern Equatoria,69188438790.14
NER,NER.5_1,Niamey,398684762.75
TZA,TZA.11_1,Manyara,46699888669.17
TCD,TCD.9_1,Kanem,67670066080.44
TGO,TGO.4_1,Plateaux,17253805921.62
NGA,NGA.37_1,Zamfara,34524806150.33
DZA,DZA.6_1,Batna,12133879108.20
COD,COD.2_1,Équateur,102024832788.90
ZMB,ZMB.3_1,Eastern,50552925004.71
MOZ,MOZ.9_1,Sofala,68095563405.91
UGA,UGA.27_1,Kitgum,9556819249.96
AGO,AGO.5_1,Cuando Cubango,199478704639.15
NGA,NGA.4_1,Anambra,4598017922.37
DZA,DZA.24_1,Khenchela,9576476003.02
UGA,UGA.32_1,Lake Victoria,28450492780.14
BFA,BFA.11_1,Plateau-Central,8596317164.39
MLI,MLI.2_1,Gao,175880122099.62
CMR,CMR.9_1,Sud-Ouest,24902957265.87
KEN,KEN.15_1,Kirinyaga,1481971839.60
MWI,MWI.23_1,Ntchisi,1720244884.14
TUN,TUN.15_1,Monastir,984439686.32
CIV,CIV.14_1,Zanzan,37971033436.30
CPV,CPV.12_1,Santa Catarina,227388902.08
UGA,UGA.1_1,Adjumani,3087885066.52
AGO,AGO.15_1,Moxico,199970815782.27
GMB,GMB.3_1,Maccarthy Island,3019353804.67
NGA,NGA.15_1,Federal Capital Territory,7356052635.12
MRT,MRT.4_1,Dakhlet Nouadhibou,17480066852.04
COG,COG.5_1,Kouilou,13502421132.42
DZA,DZA.40_1,Souk Ahras,4223864949.28
ERI,ERI.2_1,Debub,32882308463.90
LBR,LBR.10_1,Maryland,2196386169.98
TCD,TCD.11_1,Logone Occidental,8809773892.08
GIN,GIN.5_1,Kindia,25648909052.75
MUS,MUS.6_1,Pamplemousses,181137268.47
ESH,ESH.1_1,Boujdour,43401779521.97
SEN,SEN.6_1,Kédougou,16901756831.40
EGY,EGY.24_1,Matrouh,158549760275.96
MAR,MAR.10_1,Oriental,59762924071.57
BDI,BDI.4_1,Bururi,3088587407.05
BDI,BDI.11_1,Makamba,2552747758.06
UGA,UGA.20_1,Kapchorwa,1728558065.72
LBY,LBY.6_1,Al Kufrah,429811675837.37
MAR,MAR.2_1,Doukkala - Abda,14413842093.87
NAM,NAM.9_1,Omusati,26604429320.28
MYT,MYT.7_1,Dembeni,37612695.69
UGA,UGA.35_1,Masaka,3620423310.32
BWA,BWA.16_1,Sowa,3548388.91
SEN,SEN.12_1,Tambacounda,42856776715.89
GHA,GHA.10_1,Western,24594048567.88
CIV,CIV.6_1,Lacs,26168918532.00
AGO,AGO.18_1,Zaire,36586788354.76
UGA,UGA.3_1,Arua,5562515193.37
MLI,MLI.5_1,Koulikoro,90854355930.98
COD,COD.1_1,Bas-Uélé,148585802283.38
MRT,MRT.3_1,Brakna,33204272675.22
LSO,LSO.3_1,Leribe,2811841871.08
LBY,LBY.18_1,Sabha,17163216243.27
COM,COM.3_1,Nzwani,218210287.61
MRT,MRT.6_1,Guidimaka,10690079728.50
BFA,BFA.5_1,Centre-Ouest,21831855697.79
NGA,NGA.21_1,Katsina,23710427470.78
GAB,GAB.6_1,Ogooué-Ivindo,43485788613.38
SOM,SOM.3_1,Banaadir,210323431.07
MWI,MWI.22_1,Ntcheu,3248759416.94
CAF,CAF.14_1,Ouham-Pendé,31746630847.82
UGA,UGA.11_1,Jinja,697836027.56
GHA,GHA.1_1,Ashanti,24902408124.55
DZA,DZA.18_1,El Oued,43814279118.25
LBR,LBR.4_1,Grand Cape Mount,4950376854.28
MYT,MYT.14_1,Ouangani,20301141.47
ZMB,ZMB.5_1,Lusaka,22075195645.65
NER,NER.6_1,Tahoua,106374812352.68
TGO,TGO.5_1,Savanes,8712271272.08
NGA,NGA.31_1,Oyo,27404529025.84
TZA,TZA.4_1,Geita,19721125202.21
GNB,GNB.1_1,Bafatá,5844480085.55
COD,COD.3_1,Haut-Katanga,124202003479.34
ETH,ETH.1_1,Addis Abeba,537191840.27
AGO,AGO.6_1,Cuanza Norte,23820420148.01
NGA,NGA.5_1,Bauchi,49069258130.81
LBY,LBY.11_1,Az Zawiyah,3202702998.48
SOM,SOM.10_1,Jubbada Hoose,47711774741.44
BFA,BFA.12_1,Sahel,36148020168.86
SEN,SEN.14_1,Ziguinchor,7364527249.37
ESH,ESH.4_1,Oued el Dahab,126596111509.34
TUN,TUN.16_1,Nabeul,2852220589.28
CPV,CPV.13_1,Santa Catarina do Fogo,53642236.07
AGO,AGO.16_1,Namibe,57912977864.43
LSO,LSO.2_1,Butha-Buthe,1792267787.88
KEN,KEN.46_1,Wajir,56638389508.50
COG,COG.6_1,Lékoumou,21132156017.79
DZA,DZA.41_1,Tamanghasset,601536207182.73
ERI,ERI.3_1,Debubawi Keyih Bahri,22835251634.68
LBR,LBR.11_1,Montserrado,1814061470.87
CAF,CAF.6_1,Kémo,16501594297.33
MUS,MUS.7_1,Plaines Wilhems,202131441.10
ESH,ESH.2_1,Es Semara,66944081898.00
EGY,EGY.25_1,Qina,13191373575.82
MAR,MAR.11_1,Rabat - Salé - Zemmour - Zaer,10026888543.29
BDI,BDI.5_1,Cankuzo,1884641194.56
BDI,BDI.12_1,Muramvya,665964327.75
UGA,UGA.21_1,Kasese,3342774677.30
AGO,AGO.8_1,Cunene,77253208272.71
DZA,DZA.28_1,Médéa,8721622471.64
LBY,LBY.7_1,Al Marj,10061991577.14
MAR,MAR.3_1,Fès - Boulemane,19315437531.11
ZMB,ZMB.4_1,Luapula,49234817309.94
UGA,UGA.36_1,Masindi,8692848830.06
TZA,TZA.3_1,Dodoma,41862410122.68
SEN,SEN.13_1,Thiès,6638099642.82
CIV,CIV.7_1,Lagunes,19957644634.89
MLI,MLI.6_1,Mopti,81417768622.66
BWA,BWA.1_1,Central,146586090549.14
BEN,BEN.12_1,Zou,5150486067.30
LSO,LSO.4_1,Mafeteng,2646247626.51
SYC,SYC.17_1,Les Mamelles,1221967.39
LBR,LBR.13_1,River Cess,5285870138.48
NGA,NGA.22_1,Kebbi,35964879934.01
UGA,UGA.43_1,Mubende,6194622953.25
GAB,GAB.7_1,Ogooué-Lolo,29034304608.48
SOM,SOM.4_1,Bari,68222674680.53
UGA,UGA.58_1,Yumbe,2321049030.77
DZA,DZA.12_1,Bouira,4459760935.84
CAF,CAF.15_1,Ouham,52974692139.48
GHA,GHA.2_1,Brong Ahafo,39490772630.85
DZA,DZA.19_1,El Tarf,2886765032.43
LBR,LBR.5_1,GrandBassa,7480783083.63
MYT,MYT.15_1,Pamandzi,4741215.85
SEN,SEN.7_1,Kolda,13817765296.41
GNQ,GNQ.2_1,Bioko Norte,588088059.15
ZMB,ZMB.6_1,Muchinga,85997299032.01
MDG,MDG.6_1,Toliary,164083964482.42
TZA,TZA.5_1,Iringa,36479532689.84
ZWE,ZWE.10_1,Midlands,49434992783.48
COD,COD.4_1,Haut-Lomami,109061665562.41
ETH,ETH.2_1,Afar,94546771981.16
AGO,AGO.7_1,Cuanza Sul,55264290111.12
UGA,UGA.4_1,Bugiri,1599940997.83
LBY,LBY.12_1,Benghazi,15340769655.79
AGO,AGO.10_1,Huíla,78688591628.61
GAB,GAB.9_1,Wouleu-Ntem,37510243409.67
BFA,BFA.6_1,Centre-Sud,11509135797.36
MWI,MWI.17_1,Mzimba,10352175228.99
TUN,TUN.17_1,Sfax,7226626320.22
CPV,CPV.14_1,Santa Cruz,113247972.04
KEN,KEN.23_1,Makueni,8178978959.73
KEN,KEN.47_1,West Pokot,9510128829.15
DZA,DZA.42_1,Tébessa,13258125160.73
DZA,DZA.10_1,Blida,1482857460.70
DZA,DZA.1_1,Adrar,431499172367.54
LBR,LBR.12_1,Nimba,11896713910.78
CAF,CAF.7_1,Lobaye,18488299471.73
MWI,MWI.9_1,Kasungu,8028631460.18
NGA,NGA.32_1,Plateau,27577199395.44
RWA,RWA.2_1,Amajyepfo,5962867951.45
COD,COD.13_1,Kwilu,79176896409.43
ESH,ESH.3_1,Laayoune,30394036252.79
EGY,EGY.26_1,Shamal Sina',26542183716.28
BDI,BDI.13_1,Muyinga,1781687874.17
UGA,UGA.22_1,Katakwi,5013783892.56
MOZ,MOZ.4_1,Manica,62504516855.87
DZA,DZA.29_1,Mila,3495765129.75
EGY,EGY.9_1,Al Minufiyah,2168577296.79
UGA,UGA.37_1,Mayuge,1115502738.88
CMR,CMR.4_1,Extrême-Nord,34299153449.88
MWI,MWI.16_1,Mwanza,741535106.88
CIV,CIV.8_1,Montagnes,30398748562.33
NAM,NAM.13_1,Zambezi,14356364385.51
MWI,MWI.19_1,Nkhata Bay,11408580991.96
SYC,SYC.24_1,Roche Caïman,900406.35
MLI,MLI.7_1,Ségou,61522119612.54
BWA,BWA.2_1,Chobe,20969989939.93
LSO,LSO.5_1,Maseru,3772592894.00
TUN,TUN.9_1,Kassérine,8059380541.10
SYC,SYC.18_1,Mont Buxton,544504.11
UGA,UGA.44_1,Mukono,3370188483.25
SOM,SOM.5_1,Bay,43937985568.18
KEN,KEN.1_1,Baringo,10842340962.90
GAB,GAB.8_1,Ogooué-Maritime,22908384151.73
GHA,GHA.5_1,Greater Accra,3680618916.58
RWA,RWA.4_1,Iburengerazuba,5872522462.17
SEN,SEN.1_1,Dakar,570195738.38
MYT,MYT.16_1,Sada,10155509.12
GNQ,GNQ.3_1,Bioko Sur,1364014840.63
MYT,MYT.2_1,Bandraboua,32619010.20
LBY,LBY.1_1,Al Butnan,82853908614.37
BEN,BEN.7_1,Kouffo,2485289205.69
NAM,NAM.3_1,Hardap,109695220107.39
TZA,TZA.6_1,Kagera,36639377799.14
DZA,DZA.20_1,Ghardaïa,84472703705.45
CPV,CPV.1_1,Boa Vista,627014370.93
TZA,TZA.20_1,Pwani,32553915870.44
MOZ,MOZ.3_1,Inhambane,68718854294.78
SYC,SYC.8_1,Beau Vallon,4616785.29
LBY,LBY.13_1,Darnah,18500937582.34
EGY,EGY.10_1,Al Minya,31383520722.21
UGA,UGA.47_1,Nebbi,2886074844.18
TUN,TUN.11_1,Le Kef,5032578840.87
NAM,NAM.12_1,Otjozondjupa,104630839374.59
MWI,MWI.18_1,Neno,1574565144.25
TUN,TUN.18_1,Sidi Bou Zid,7376261606.83
KEN,KEN.24_1,Mandera,25766451663.91
MLI,MLI.9_1,Timbuktu,502894307267.28
DZA,DZA.13_1,Boumerdès,1445752949.59
SDN,SDN.1_1,Al Jazirah,24226916628.62
SSD,SSD.7_1,Upper Nile,77246351970.97
DZA,DZA.11_1,Bordj Bou Arréridj,3941854623.30
DZA,DZA.2_1,Aïn Defla,4551986857.30
CAF,CAF.8_1,Mambéré-Kadéï,29636802355.04
NGA,NGA.33_1,Rivers,8374245580.33
TZA,TZA.22_1,Ruvuma,63077585395.26
RWA,RWA.3_1,Iburasirazuba,9458602672.29
COD,COD.14_1,Lomami,53967322295.97
EGY,EGY.27_1,Suhaj,10080655698.93
BDI,BDI.14_1,Mwaro,816167017.89
MOZ,MOZ.5_1,Maputo City,696861185.87
UGA,UGA.23_1,Kayunga,1701570650.82
AGO,AGO.1_1,Bengo,34359924945.50
SLE,SLE.3_1,Southern,20120663290.13
UGA,UGA.38_1,Mbale,1366273426.30
SSD,SSD.10_1,West Equatoria,79122248057.81
NAM,NAM.11_1,Oshikoto,38637609565.76
AGO,AGO.11_1,Luanda,2444814876.29
DZA,DZA.35_1,Relizane,4870904954.25
CMR,CMR.5_1,Littoral,20127916660.28
CIV,CIV.9_1,Sassandra-Marahoué,24293172338.56
SYC,SYC.25_1,Saint Louis,538371.40
KEN,KEN.26_1,Meru,6981428249.49
MLI,MLI.8_1,Sikasso,71360812068.32
CIV,CIV.10_1,Savanes,40283387437.25
BWA,BWA.3_1,Francistown,94131421.09
SYC,SYC.19_1,Mont Fleuri,3334741.35
COG,COG.12_1,Sangha,57695842798.96
COG,COG.1_1,Bouenza,12517118674.38
EGY,EGY.20_1,Bur Sa`id,1460042639.39
UGA,UGA.45_1,Nakapiripirit,5821555548.26
KEN,KEN.2_1,Bomet,2370162977.39
SOM,SOM.6_1,Galguduud,49505069349.51
GIN,GIN.1_1,Boké,34036250777.68
COD,COD.16_1,Maï-Ndombe,128457833469.21
GHA,GHA.6_1,Northern,69474324212.20
RWA,RWA.5_1,Umujyi wa Kigali,726788508.19
MUS,MUS.2_1,Black River,256706116.14
SEN,SEN.2_1,Diourbel,4858442721.96
MYT,MYT.3_1,Bandrele,39704367.82
LBY,LBY.2_1,Al Jabal al Akhdar,8535177870.94
TCD,TCD.4_1,Chari-Baguirmi,46032206533.91
SDN,SDN.15_1,South Kurdufan,79393150533.49
NAM,NAM.4_1,Kavango,48687847650.30
DZA,DZA.21_1,Guelma,3686860527.99
TZA,TZA.21_1,Rukwa,28139011961.92
SYC,SYC.9_1,Bel Air,4069181.29
KEN,KEN.10_1,Kajiado,21988385807.51
SHN,SHN.2_1,Saint Helena,122872513.84
LBY,LBY.14_1,Ghat,52171612726.61
EGY,EGY.11_1,Al Qahirah,2899197583.35
MYT,MYT.1_1,Acoua,13979815.64
UGA,UGA.48_1,Ntungamo,2047766924.24
BFA,BFA.1_1,Boucle du Mouhoun,34551975002.03
TUN,TUN.12_1,Mahdia,2935965774.36
MYT,MYT.10_1,Koungou,29139435.31
STP,STP.1_1,Príncipe,140860922.07
GAB,GAB.2_1,Haut-Ogooué,33697772188.61
KEN,KEN.25_1,Marsabit,75780354388.25
UGA,UGA.16_1,Kampala,175008190.70
DZA,DZA.14_1,Chlef,4073435964.03
CPV,CPV.22_1,Tarrafal de São Nicolau,113513475.56
SSD,SSD.8_1,Warap,39478607592.05
NGA,NGA.10_1,Delta,16287091582.43
NER,NER.2_1,Diffa,146232749930.83
SDN,SDN.14_1,South Darfur,78140203159.71
TGO,TGO.1_1,Centre,13235753967.46
CAF,CAF.9_1,Mbomou,60118735395.20
NGA,NGA.34_1,Sokoto,31736071891.47
BEN,BEN.8_1,Littoral,41768373.66
COD,COD.15_1,Lualaba,121845041362.35
MOZ,MOZ.6_1,Maputo,22907056105.83
AGO,AGO.2_1,Benguela,39510319967.92
MUS,MUS.10_1,Rodriguez,111298396.93
SOM,SOM.15_1,Shabeellaha Hoose,25669705202.36
SLE,SLE.4_1,Western,715466039.49
NGA,NGA.1_1,Abia,4719063589.33
DJI,DJI.1_1,Ali Sabieh,2098387267.27
AGO,AGO.12_1,Lunda Norte,107806708096.90
DZA,DZA.36_1,Saïda,6774025440.46
CMR,CMR.6_1,Nord-Ouest,17465217365.94
CIV,CIV.11_1,Vallée du Bandama,27596351549.42
BWA,BWA.4_1,Gaborone,280769299.54
ZMB,ZMB.10_1,Western,127369889920.42
EGY,EGY.21_1,Dumyat,934190933.23
COG,COG.2_1,Brazzaville,102845741.67
BDI,BDI.1_1,Bubanza,1050500161.38
TZA,TZA.17_1,Njombe,21315964320.83
KEN,KEN.3_1,Bungoma,3568312112.73
GHA,GHA.7_1,Upper East,8598545845.71
MUS,MUS.3_1,Flacq,298778354.60
SEN,SEN.3_1,Fatick,6847160004.16
KEN,KEN.35_1,Nyandarua,3265099603.62
LBY,LBY.3_1,Al Jabal al Gharbi,85602868955.28
MOZ,MOZ.11_1,Zambezia,102894386374.54
NER,NER.1_1,Agadez,623523485420.91
DZA,DZA.39_1,Skikda,4143244830.66
TCD,TCD.5_1,Ennedi Est,77365447233.16
SDN,SDN.16_1,West Darfur,22663908420.77
DZA,DZA.22_1,Illizi,293535474732.58
NAM,NAM.5_1,Khomas,37079198774.88
COD,COD.25_1,Tshopo,200455231483.11
SYC,SYC.26_1,Takamaka,11853801.34
CPV,CPV.10_1,Ribeira Grande de Santiago,140625310.04
KEN,KEN.11_1,Kakamega,2439359389.14
CIV,CIV.2_1,Bas-Sassandra,27789229721.06
UGA,UGA.49_1,Pader,6854830172.33
BFA,BFA.2_1,Cascades,18577615229.70
NGA,NGA.27_1,Niger,71017996142.31
ZWE,ZWE.2_1,Harare,896241606.67
TUN,TUN.13_1,Manubah,1007741865.98
STP,STP.2_1,São Tomé,858368351.00
MYT,MYT.11_1,M'tsangamouji,23617154.99
GAB,GAB.3_1,Moyen-Ogooué,17829937660.75
UGA,UGA.54_1,Sironko,1101039708.82
CAF,CAF.11_1,Nana-Mambéré,27104217361.38
DZA,DZA.15_1,Constantine,2244894236.67
SSD,SSD.9_1,West Bahr-al-Ghazal,85514141839.87
NGA,NGA.11_1,Ebonyi,6195752956.00
TGO,TGO.2_1,Kara,11530255515.45
SDN,SDN.18_1,White Nile,39984861941.21
TCD,TCD.16_1,Moyen-Chari,41473808260.63
TZA,TZA.16_1,Mwanza,25971824143.90
BEN,BEN.9_1,Mono,1592334263.61
ETH,ETH.10_1,"Southern Nations, Nationalities and Peoples",108935509617.10
UGA,UGA.30_1,Kyenjojo,4091527163.79
SWZ,SWZ.2_1,Lubombo,5851164688.25
ETH,ETH.7_1,Harari People,366784256.10
ZMB,ZMB.1_1,Central,94550578241.39
AGO,AGO.3_1,Bié,72052677148.36
SOM,SOM.16_1,Sool,38030798920.67
DJI,DJI.2_1,Dikhil,7929942344.08
DZA,DZA.37_1,Sétif,6666534200.59
CMR,CMR.7_1,Nord,66356990935.64
COM,COM.1_1,Mwali,430117605.82
MDG,MDG.1_1,Antananarivo,59857560738.97
CPV,CPV.19_1,São Salvador do Mundo,31705456.95
SOM,SOM.1_1,Awdal,16290280384.13
MWI,MWI.28_1,Zomba,3082856193.23
UGA,UGA.17_1,Kamuli,4302141261.22
EGY,EGY.22_1,Janub Sina',29286217692.86
TZA,TZA.18_1,Pemba North,542949809.55
GHA,GHA.8_1,Upper West,18908481119.19
EGY,EGY.5_1,Al Gharbiyah,1998937020.15
CAF,CAF.10_1,Nana-Grébizi,19667131109.98
KEN,KEN.36_1,Nyeri,3336292991.47
MWI,MWI.12_1,Machinga,3879079118.79
DZA,DZA.25_1,Laghouat,27556672792.11
UGA,UGA.33_1,Lira,7244665258.49
TCD,TCD.6_1,Ennedi Ouest,111048403203.56
SDN,SDN.17_1,West Kurdufan,112964615334.27
MLI,MLI.3_1,Kayes,121843943133.74
DZA,DZA.23_1,Jijel,2397393474.07
NAM,NAM.6_1,Kunene,115330684821.75
GNB,GNB.6_1,Gabú,9036854881.36
PRT,PRT.13_1,Madeira,753138531.30
COD,COD.26_1,Tshuapa,132918033243.21
SYC,SYC.20_1,Outer Islands,205446581.39
SWZ,SWZ.1_1,Hhohho,3645367543.50
UGA,UGA.40_1,Moroto,8513420450.88
MRT,MRT.1_1,Adrar,222149869295.21
CMR,CMR.10_1,Sud,47276366081.05
NGA,NGA.28_1,Ogun,16089074009.60
ZWE,ZWE.3_1,Manicaland,35592824368.15
TUN,TUN.14_1,Médenine,8655601303.47
MYT,MYT.12_1,Mamoudzou,45221707.11
DZA,DZA.47_1,Tizi Ouzou,2972850073.65
GAB,GAB.4_1,Ngounié,38387342477.96
KEN,KEN.42_1,Trans Nzoia,2464156308.94
UGA,UGA.55_1,Soroti,3379430421.78
MDG,MDG.3_1,Fianarantsoa,100775399869.27
CAF,CAF.2_1,Bangui,92655544.67
TGO,TGO.3_1,Maritime,6257964116.41
BEN,BEN.3_1,Atlantique,3071866948.75
TCD,TCD.17_1,Ouaddaï,29750138525.13
DZA,DZA.31_1,Naâma,29774777818.60
SWZ,SWZ.3_1,Manzini,4123011486.26
ETH,ETH.8_1,Oromia,323041329304.45
ZMB,ZMB.2_1,Copperbelt,31393431604.94
AGO,AGO.4_1,Cabinda,7047807665.20
SOM,SOM.17_1,Togdheer,34106751823.42
KEN,KEN.20_1,Laikipia,9526642234.38
CIV,CIV.3_1,Comoé,14602110499.71
KEN,KEN.44_1,Uasin Gishu,3424224906.02
MDG,MDG.2_1,Antsiranana,43888994635.14
CAF,CAF.4_1,Haut-Mbomou,56357300190.85
UGA,UGA.18_1,Kamwenge,2396365975.13
REU,REU.1_1,Saint-Benoît,738106094.93
EGY,EGY.23_1,Kafr ash Shaykh,3762920191.49
TCD,TCD.19_1,Sila,35709213071.89
BDI,BDI.10_1,Kirundo,1767724719.53
TZA,TZA.19_1,Pemba South,448949361.71
TUN,TUN.24_1,Zaghouan,2855567219.88
COD,COD.10_1,Kinshasa,10796310598.25
EGY,EGY.6_1,Al Iskandariyah,2549064488.78
BEN,BEN.1_1,Alibori,26484989391.18
KEN,KEN.37_1,Samburu,20946629529.92
TZA,TZA.1_1,Arusha,38062125997.33
MWI,MWI.13_1,Mangochi,9060668738.34
LBR,LBR.1_1,Bomi,2105023270.80
DZA,DZA.26_1,M'Sila,17935413285.56
UGA,UGA.34_1,Luwero,5695534825.19
SYC,SYC.5_1,Au Cap,8531180.10
TCD,TCD.7_1,Guéra,61037556075.40
MAR,MAR.8_1,Marrakech - Tensift - Al Haouz,32385303330.90
BEN,BEN.10_1,Ouémé,1350112904.57
MLI,MLI.4_1,Kidal,145192543032.62
CIV,CIV.5_1,Gôh-Djiboua,15723002857.10
SYC,SYC.12_1,English River,1670440.14
GNB,GNB.7_1,Oio,5466182804.13
SYC,SYC.21_1,Plaisance,3427260.86
COM,COM.2_1,Njazídja,1024272810.37
COD,COD.9_1,Kasaï,96587980430.82
UGA,UGA.41_1,Moyo,1855019741.82
UGA,UGA.9_1,Hoima,3636449887.51
SOM,SOM.2_1,Bakool,25711072159.90
TUN,TUN.6_1,Gafsa,7391641442.88
NGA,NGA.29_1,Ondo,14533696615.34
SDN,SDN.6_1,Kassala,45614438736.17
ZWE,ZWE.4_1,Mashonaland Central,28331642818.46
MYT,MYT.13_1,Mtsamboro,17772104.21
DZA,DZA.48_1,Tlemcen,9057103076.84
GAB,GAB.5_1,Nyanga,21817553805.03
KEN,KEN.43_1,Turkana,63727390324.69
UGA,UGA.56_1,Tororo,1849152213.90
MDG,MDG.4_1,Mahajanga,151679961303.31
ZWE,ZWE.6_1,Mashonaland West,57399317049.53
TUN,TUN.5_1,Gabès,7469768717.36
CAF,CAF.3_1,Basse-Kotto,16806920122.81
MWI,MWI.5_1,Chitipa,4082675825.53
UGA,UGA.28_1,Kotido,13280704707.82
BEN,BEN.4_1,Borgou,26077308206.39
TCD,TCD.18_1,Salamat,67957259453.31
CPV,CPV.7_1,Praia,102236880.97
TUN,TUN.23_1,Tunis,266452253.94
LBY,LBY.10_1,An Nuqat al Khams,6332404635.65
DZA,DZA.32_1,Oran,2137108693.72
SWZ,SWZ.4_1,Shiselweni,3761099574.93
ETH,ETH.9_1,Somali,312283041973.89
SOM,SOM.18_1,Woqooyi Galbeed,27922157376.61
LBY,LBY.19_1,Surt,78656111080.23
EGY,EGY.16_1,Ash Sharqiyah,5329186254.51
KEN,KEN.21_1,Lamu,6655790655.29
SYC,SYC.4_1,Anse Royale,8120342.40
SEN,SEN.10_1,Saint-Louis,20259188095.74
CIV,CIV.4_1,Denguélé,21200407979.74
SSD,SSD.4_1,Lakes,42971787269.79
KEN,KEN.45_1,Vihiga,559596244.76
CAF,CAF.5_1,Haute-Kotto,86051807548.27
MWI,MWI.7_1,Dowa,3061298791.88
UGA,UGA.19_1,Kanungu,1306009017.23
LSO,LSO.1_1,Berea,1993073004.84
REU,REU.2_1,Saint-Denis,418989908.89
SDN,SDN.10_1,Northern,366306677689.23
COD,COD.11_1,Kongo-Central,53846419383.64
EGY,EGY.7_1,Al Isma`iliyah,5687838763.90
KEN,KEN.38_1,Siaya,3492881134.24
GNB,GNB.9_1,Tombali,3430779822.93
BEN,BEN.2_1,Atakora,20798431240.19
TZA,TZA.2_1,Dar es Salaam,1632592363.54
MWI,MWI.14_1,Mchinji,3141195043.03
DZA,DZA.27_1,Mascara,5670252195.29
MAR,MAR.9_1,Meknès - Tafilalet,60109240199.78
BEN,BEN.11_1,Plateau,3220980772.80
SYC,SYC.13_1,Glacis,6366659.30
TZA,TZA.28_1,Zanzibar North,450421435.30
SYC,SYC.22_1,Pointe La Rue,3695795.58
UGA,UGA.42_1,Mpigi,3294536377.09
SEN,SEN.8_1,Louga,24677513011.41
GHA,GHA.3_1,Central,9660000544.39
TUN,TUN.7_1,Jendouba,3055517529.78
ERI,ERI.4_1,Gash Barka,32503683033.22
SDN,SDN.7_1,Khartoum,21142693809.84
KEN,KEN.31_1,Nakuru,7478369095.50
ZWE,ZWE.5_1,Mashonaland East,32101264213.17
MRT,MRT.11_1,Tagant,94872097185.38
KEN,KEN.8_1,Homa Bay,4678121017.48
SSD,SSD.3_1,Jungoli,122186707962.26
UGA,UGA.57_1,Wakiso,1923913844.00
TCD,TCD.1_1,Barh el Ghazel,56310663594.69
MDG,MDG.5_1,Toamasina,71265093074.74
ZWE,ZWE.7_1,Masvingo,56282434299.77
MWI,MWI.6_1,Dedza,5118038535.56
UGA,UGA.29_1,Kumi,2840591003.83
TZA,TZA.12_1,Mara,30620322904.34
BEN,BEN.5_1,Collines,14218640158.70
DZA,DZA.7_1,Béchar,161007468255.00
NAM,NAM.1_1,!Karas,161194547544.47
CPV,CPV.8_1,Ribeira Brava,233687448.79
MOZ,MOZ.1_1,Cabo Delgado,77731322662.79
SYC,SYC.6_1,Baie Lazare,12780936.73
DZA,DZA.33_1,Ouargla,154230881486.30
COD,COD.21_1,Sankuru,108234177488.62
BWA,BWA.14_1,South-East,1690740380.19
GNB,GNB.8_1,Quinara,3009092879.45
CMR,CMR.1_1,Adamaoua,63971375936.21
KEN,KEN.16_1,Kisii,1315822611.37
EGY,EGY.17_1,Aswan,61108109315.46
MWI,MWI.24_1,Phalombe,1447477824.36
KEN,KEN.22_1,Machakos,6016625322.70
GMB,GMB.4_1,North Bank,2262096960.02
ISR,ISR.2_1,HaDarom,14509041905.44
SSD,SSD.5_1,North Bahr-al-Ghazal,32182595335.42
MYT,MYT.17_1,Tsingoni,35151370.91
TCD,TCD.12_1,Logone Oriental,23723812494.23
ATF,ATF.2_1,Îles Éparses,39812130.60
MWI,MWI.8_1,Karonga,8753334562.10
NGA,NGA.16_1,Gombe,18189978180.22
RWA,RWA.1_1,Amajyaruguru,3250256642.94
REU,REU.3_1,Saint-Paul,470872991.54
SDN,SDN.11_1,Red Sea,216532376236.17
GIN,GIN.6_1,Labé,22830559938.13
COD,COD.12_1,Kwango,89994164245.64
SLE,SLE.1_1,Eastern,15736426137.42
EGY,EGY.8_1,Al Jizah,36361451069.73
NGA,NGA.30_1,Osun,9184430091.71
MWI,MWI.15_1,Mulanje,1990600642.95
MYT,MYT.8_1,Dzaoudzi,8260136.85
SYC,SYC.14_1,Grand' Anse,14640993.94
TZA,TZA.29_1,Zanzibar South and Central,896444535.03
SYC,SYC.23_1,Port Glaud,26599799.81
DZA,DZA.43_1,Tiaret,20114534679.46
BFA,BFA.10_1,Nord,16421555934.21
ESP,ESP.7_1,Ceuta y Melilla,25921035.97
SEN,SEN.9_1,Matam,28001360479.91
GHA,GHA.4_1,Eastern,18503191046.78
TUN,TUN.8_1,Kairouan,6623837711.87
MRT,MRT.7_1,Hodh ech Chargui,186526833794.65
COG,COG.10_1,Pointe Noire,49486780.37
CPV,CPV.20_1,São Vicente,269117933.78
BDI,BDI.7_1,Gitega,1898110619.55
ERI,ERI.5_1,Maekel,9425760529.06
SDN,SDN.8_1,North Darfur,317173196555.42
UGA,UGA.12_1,Kabale,1755106899.42
KEN,KEN.32_1,Nandi,2831565093.22
MRT,MRT.12_1,Tiris Zemmour,261323481932.37
KEN,KEN.9_1,Isiolo,25448284925.27
DZA,DZA.9_1,Biskra,21499750661.60
TCD,TCD.2_1,Batha,90409269796.50
ZWE,ZWE.8_1,Matabeleland North,75502106233.16
TCD,TCD.10_1,Lac,19843901460.37
LBY,LBY.9_1,Al Wahat,194126099087.08
NER,NER.7_1,Tillabéry,90617867475.42
BEN,BEN.6_1,Donga,10930012388.19
NAM,NAM.2_1,Erongo,63615840566.88
ESP,ESP.14_1,Islas Canarias,7511855926.53
CPV,CPV.9_1,Ribeira Grande,165326474.72
MOZ,MOZ.2_1,Gaza,75467891717.02
GNB,GNB.2_1,Biombo,762645819.53
DZA,DZA.34_1,Oum el Bouaghi,6259719513.91
SOM,SOM.11_1,Mudug,58406795469.53
BFA,BFA.13_1,Sud-Ouest,16333446925.62
COD,COD.22_1,Sud-Kivu,64149605821.66
CMR,CMR.2_1,Centre,68805724983.82
KEN,KEN.17_1,Kisumu,2668472599.83
NGA,NGA.6_1,Bayelsa,9281616121.13
MWI,MWI.25_1,Rumphi,6689467443.16
EGY,EGY.18_1,Asyut,16493513091.88
UGA,UGA.51_1,Rakai,4239562374.27
AGO,AGO.17_1,Uíge,62018793957.59
UGA,UGA.46_1,Nakasongola,3512262761.33
GMB,GMB.5_1,Upper River,2069929247.07
COG,COG.8_1,Niari,25519134711.04
SSD,SSD.6_1,Unity,36526127450.96
LBY,LBY.20_1,Tripoli,2431840538.83
MUS,MUS.9_1,Rivière du Rempart,153598352.93
TCD,TCD.13_1,Mandoul,17439951499.80
NGA,NGA.17_1,Imo,5307672415.56
REU,REU.4_1,Saint-Pierre,888557514.86
COG,COG.7_1,Likouala,66722875560.87
SDN,SDN.12_1,River Nile,126120155578.32
MAR,MAR.12_1,Souss - Massa - Draâ,72115582471.91
BDI,BDI.6_1,Cibitoke,1554936331.87
TZA,TZA.13_1,Mbeya,61703448856.99
DZA,DZA.8_1,Béjaïa,3233773222.98
MAR,MAR.4_1,Gharb - Chrarda - Béni Hssen,8759668164.22
SLE,SLE.2_1,Northern,36008098468.02
SOM,SOM.13_1,Sanaag,53875151794.00
AGO,AGO.9_1,Huambo,33135838209.58
LBY,LBY.8_1,Al Marqab,8223771573.41
TCD,TCD.20_1,Tandjilé,17533370226.39
MYT,MYT.9_1,Kani-Keli,20315611.98
NAM,NAM.10_1,Oshana,8653645640.01
TUN,TUN.19_1,Siliana,4696219965.56
DZA,DZA.44_1,Tindouf,161561495100.36
NGA,NGA.23_1,Kogi,28934741338.80
UGA,UGA.50_1,Pallisa,2000406090.79
MRT,MRT.8_1,Hodh el Gharbi,50268228739.52
CPV,CPV.21_1,Tarrafal,118279728.25
COG,COG.11_1,Pool,35156744574.99
BDI,BDI.8_1,Karuzi,1407750953.89
SDN,SDN.9_1,North Kurdufan,188194807897.35
UGA,UGA.13_1,Kabarole,1828244269.97
ERI,ERI.6_1,Semenawi Keyih Bahri,21477754144.75
KEN,KEN.33_1,Narok,18018072614.18
MRT,MRT.13_1,Trarza,68762077802.08
EGY,EGY.2_1,Al Bahr al Ahmar,104671499554.29
GIN,GIN.7_1,Mamou,17829407203.35
MWI,MWI.1_1,Balaka,2134121370.52
CAF,CAF.16_1,Sangha-Mbaéré,18495010754.95
TCD,TCD.3_1,Borkou,256227618873.25
MUS,MUS.8_1,Port Louis,40992479.78
ZWE,ZWE.9_1,Matabeleland South,54684104273.72
LBR,LBR.6_1,GrandGedeh,10252369116.34
ZMB,ZMB.7_1,North-Western,124164225288.89
UGA,UGA.5_1,Bundibugyo,2042237009.96
SOM,SOM.12_1,Nugaal,27487732711.45
GNB,GNB.3_1,Bissau,83228745.25
COD,COD.20_1,Nord-Ubangi,54181886127.24
COD,COD.23_1,Sud-Ubangi,52038412205.53
COD,COD.5_1,Haut-Uélé,91210656810.48
ETH,ETH.3_1,Amhara,155360725301.78
KEN,KEN.18_1,Kitui,30454478330.58
CMR,CMR.3_1,Est,108916774471.96
NGA,NGA.7_1,Benue,31324826850.77
LBR,LBR.14_1,River Gee,6196508729.84
MWI,MWI.26_1,Salima,3121985481.27
EGY,EGY.19_1,Bani Suwayf,10674423555.70
GAB,GAB.1_1,Estuaire,19897160491.07
UGA,UGA.52_1,Rukungiri,1520837491.35
CPV,CPV.15_1,São Domingos,159105608.68
UGA,UGA.15_1,Kalangala,481472781.28
GMB,GMB.6_1,Western,1737666333.07
TUN,TUN.1_1,Ariana,546232976.11
COG,COG.9_1,Plateaux,39863404799.07
BFA,BFA.7_1,Centre,2871048378.57
LBY,LBY.21_1,Wadi al Hayat,33276283687.81
TCD,TCD.14_1,Mayo-Kebbi Est,18052577891.99
NGA,NGA.18_1,Jigawa,23993952044.64
SDN,SDN.13_1,Sennar,40318491551.92
MAR,MAR.13_1,Tadla - Azilal,15568878332.57
CPV,CPV.3_1,Maio,268672084.93
NER,NER.8_1,Zinder,145747887669.94
TZA,TZA.14_1,Morogoro,70119116098.35
SOM,SOM.14_1,Shabeellaha Dhexe,18502634771.81
EGY,EGY.1_1,Ad Daqahliyah,3706237619.75
TCD,TCD.21_1,Tibesti,126074927673.70
TZA,TZA.30_1,Zanzibar West,239405957.74
DZA,DZA.45_1,Tipaza,1733318701.46
NGA,NGA.24_1,Kwara,35421506161.05
TUN,TUN.10_1,Kebili,21882160046.25
LSO,LSO.6_1,Mohale's Hoek,3439719845.78
MRT,MRT.9_1,Inchiri,44708310525.59
BDI,BDI.9_1,Kayanza,1182279664.13
UGA,UGA.14_1,Kaberamaido,1626461033.42
KEN,KEN.34_1,Nyamira,898942752.74
BDI,BDI.16_1,Rutana,1856534926.95
EGY,EGY.3_1,Al Buhayrah,11446152008.05
MWI,MWI.2_1,Blantyre,2028589838.37
GIN,GIN.8_1,Nzérékoré,36515637598.52
CAF,CAF.17_1,Vakaga,46689503289.83
MOZ,MOZ.10_1,Tete,100799960435.74
MAR,MAR.5_1,Grand Casablanca,872430008.03
TZA,TZA.7_1,Katavi,49086862148.20
MWI,MWI.10_1,Likoma,19881510.34
GNQ,GNQ.4_1,Centro Sur,8413577943.41
BWA,BWA.10_1,Lobatse,23101128.15
ZMB,ZMB.8_1,Northern,79150505913.11
DZA,DZA.38_1,Sidi Bel Abbès,9372030823.45
UGA,UGA.6_1,Bushenyi,4298632535.65
GNB,GNB.4_1,Bolama,1528347704.24
TZA,TZA.24_1,Simiyu,25049971025.49
CIV,CIV.1_1,Abidjan,2106553690.41
COD,COD.24_1,Tanganyika,132720787432.46
COD,COD.6_1,Ituri,64950629931.22
ETH,ETH.4_1,Benshangul-Gumaz,50197939301.43
ZWE,ZWE.1_1,Bulawayo,455107761.38
KEN,KEN.19_1,Kwale,8378770978.61
NGA,NGA.8_1,Borno,71393465551.95
SOM,SOM.8_1,Hiiraan,34106194358.58
MWI,MWI.27_1,Thyolo,1666981490.32
LBR,LBR.15_1,Sinoe,9371210061.71
UGA,UGA.53_1,Sembabule,2319297803.53
CPV,CPV.16_1,São Filipe,338226373.10
TUN,TUN.2_1,Béja,3510378569.00
BFA,BFA.8_1,Est,46599562119.90
SDN,SDN.2_1,Al Qadarif,64073869282.11
KEN,KEN.40_1,Tana River,39223876607.77
LBY,LBY.22_1,Wadi ash Shati',93576438425.87
TCD,TCD.15_1,Mayo-Kebbi Ouest,12534288090.99
NGA,NGA.19_1,Kaduna,44312397956.05
TUN,TUN.20_1,Sousse,2672463683.76
LBR,LBR.7_1,GrandKru,3695095753.25
MAR,MAR.14_1,Tanger - Tétouan,11805365704.08
DZA,DZA.3_1,Aïn Témouchent,2403760221.53
BDI,BDI.15_1,Ngozi,1399955820.71
CPV,CPV.4_1,Mosteiros,80943387.40
UGA,UGA.24_1,Kibale,4244977461.91
TZA,TZA.23_1,Shinyanga,16420581892.79
TZA,TZA.15_1,Mtwara,17953620358.27
ETH,ETH.6_1,Gambela Peoples,30628315655.87
TCD,TCD.22_1,Ville de N'Djamena,396346640.78
KEN,KEN.27_1,Migori,3201284631.49
SYC,SYC.1_1,Anse aux Pins,1679066.50
NGA,NGA.25_1,Lagos,3779791304.93
LSO,LSO.7_1,Mokhotlong,4167068344.85
GIN,GIN.2_1,Conakry,413588024.33
SOM,SOM.7_1,Gedo,45038220255.95
BDI,BDI.17_1,Ruyigi,2249386584.40
COD,COD.17_1,Maniema,127600959383.34
EGY,EGY.4_1,Al Fayyum,5848516286.85
MYT,MYT.4_1,Boueni,15123558.31
MWI,MWI.3_1,Chikwawa,4879571925.23
MAR,MAR.6_1,Guelmim - Es-Semara,64466908139.44
MWI,MWI.11_1,Lilongwe,6247662614.98
GNQ,GNQ.5_1,Kié-Ntem,3453086753.34
BWA,BWA.11_1,North-East,5247000107.52
ZMB,ZMB.9_1,Southern,85992898931.58
